eggs,sausage,onions
eggs,sausage,onions
eggs,sausage,onions
eggs,sausage,onions
eggs,sausage,onions
eggs,sausage,onions
eggs,sausage,onions
eggs,sausage,onions
eggs,sausage,onions
eggs,sausage,onions
eggs,sausage,onions
eggs,sausage,onions
eggs,sausage,onions
eggs,sausage,onions
eggs,sausage,onions
eggs,sausage,onions
eggs,sausage,onions
eggs,sausage,onions
eggs,sausage,onions
eggs,sausage,onions
eggs,sausage,onions
eggs,sausage,onions
citrus fruit,soap
tropical fruit,yogurt,coffee
whole milk
soyabean oil,yogurt,cream cheese
vegetables,whole milk
whole milk,butter,yogurt,rice
rolls/buns
vegetables,rolls/buns,spices
whole milk
tropical fruit,vegetables,bottled water,chocolate
citrus fruit,tropical fruit,whole milk,butter,detergent
beef
eggs,rolls/buns,onions
chicken,tropical fruit
butter,sugar,fruit/vegetable juice,newspapers
fruit/vegetable juice
chocolate
vegetables
beverages,pastry
whole milk
tropical fruit,cream cheese,detergent,newspapers
tropical fruit,salt,vegetables,rolls/buns
bottled water,flour
yogurt
sausage,rolls/buns,onions,chocolate
vegetables
brown bread,onions,fruit/vegetable juice,flour,newspapers
yogurt,beverages,bottled water
chicken,vegetables,rolls/buns,spices,bottled water
salt,vegetables,whole milk,beverages,sugar
biscuit,tea,vegetables,whole milk,chocolate
beef,detergent
pastry,onions
fruit/vegetable juice
flour
salt,vegetables,whole milk,rice
citrus fruit,newspapers
sausage,rolls/buns,onions,flour
tropical fruit,salt,whole milk,yogurt
tea,yogurt
flour
beverages,yogurt,cream cheese,rolls/buns
coffee
pastry,bottled water
rolls/buns
salt,vegetables,butter,detergent,chocolate
sausage,rolls/buns,newspapers
flour
chips,vegetables,whole milk
tropical fruit,vegetables,detergent
whole milk,yogurt,onions
whole milk,detergent,yogurt,pastry
brown bread,flour
rolls/buns,bottled water
chips,beef,chocolate,rolls/buns
rolls/buns,pastry,sugar
vegetables,whole milk,frozen vegetables
sausage,pastry
sausage,beef,whole milk
eggs,tropical fruit,rolls/buns,brown bread,sugar
rolls/buns,pastry,onions
whole milk
detergent,cream cheese,coffee
newspapers
sausage,whole milk,detergent
tropical fruit,soyabean oil,tea,whole milk
whole milk,butter,soap
eggs,citrus fruit,whole milk
whole milk,onions
vegetables,whole milk,rolls/buns,sugar
citrus fruit,whole milk,detergent,beverages,pastry
flour,salt,bottled water,fruit/vegetable juice,spices
sugar,bottled water,onions,spices
coffee
chocolate
salt,whole milk,frozen vegetables,rolls/buns
salt,onions,frozen vegetables
frozen vegetables,salt
bottled water
sausage,salt,onions,yogurt,rolls/buns
coffee,newspapers
biscuit,vegetables,chocolate
tea,yogurt
onions
tea
fruit/vegetable juice
citrus fruit,beverages,yogurt,cream cheese
biscuit,chicken,citrus fruit,tea,onions
detergent
sausage,rolls/buns,brown bread,fruit/vegetable juice
chicken,citrus fruit,tropical fruit,salt
whole milk,yogurt,brown bread
citrus fruit,tropical fruit
onions
sausage,biscuit,whole milk,rolls/buns
eggs,rolls/buns,bottled water
sausage,whole milk,yogurt,coffee,fruit/vegetable juice
onions
rolls/buns,fruit/vegetable juice
beef,citrus fruit,tea,salt,brown bread
whole milk,chocolate,rolls/buns,onions
tropical fruit,soyabean oil
eggs,sausage,salt,vegetables,rolls/buns
bottled water
whole milk,rice,frozen vegetables,rolls/buns,soap
tea,chocolate
citrus fruit,tea
tropical fruit,whole milk,yogurt
chicken,whole milk,frozen vegetables,rolls/buns,spices
chicken,vegetables,whole milk,frozen vegetables
whole milk,cream cheese,onions
vegetables,pastry,soap,coffee
eggs,sausage
rice,flour
pastry,onions
vegetables
eggs,sausage,citrus fruit,tropical fruit,soyabean oil
sausage,beverages,rolls/buns
detergent,cream cheese
eggs,rice
whole milk,yogurt,beverages,brown bread
newspapers
tea,onions
detergent,flour
tropical fruit,vegetables,coffee
onions
rolls/buns
flour
flour
eggs,sausage,whole milk,rolls/buns,soap
vegetables,flour
whole milk,frozen vegetables
whole milk
citrus fruit,butter,cream cheese,soyabean oil
eggs,rolls/buns
eggs,chips,soyabean oil,vegetables,whole milk
beverages,yogurt,onions,detergent
chicken,citrus fruit,onions,rolls/buns,bottled water
vegetables,whole milk,chocolate
sausage,biscuit,citrus fruit,rice
rolls/buns
yogurt,vegetables,detergent,rice
salt,vegetables,whole milk,yogurt,beverages
coffee
whole milk,rolls/buns,sugar,bottled water,onions
tropical fruit,vegetables,whole milk
beef,flour
whole milk,butter,rice,rolls/buns
eggs,onions
tropical fruit,bottled water
flour
spices,vegetables,frozen vegetables
beverages,onions
chicken,salt,whole milk
whole milk,pastry
vegetables
chips,tropical fruit,vegetables,whole milk,brown bread
vegetables
detergent,beverages
spices
detergent,rice,onions
whole milk,cream cheese
whole milk,salt
rice
sausage,coffee
vegetables,bottled water
chips,whole milk,rolls/buns
vegetables
vegetables,bottled water
onions,spices
eggs,chips,tropical fruit,soyabean oil,salt
rolls/buns,flour
detergent,cream cheese
eggs,tropical fruit,whole milk,soap
vegetables
detergent,salt,detergent
eggs,rolls/buns
onions
beef,tea,salt,whole milk,rice
flour
biscuit,beef,soyabean oil,spices
eggs,citrus fruit,soap,sugar
sausage,spices
